Experiment,N,Dominance,Influence,Steadiness,Conscientiousness
File Format: Raw Text Resume vs. PDF Resume,89,0.8224505337659443,0.8260282034934677,0.9184055144865582,0.9114005751853179
Source Context: PDF Resume vs. LinkedIn,86,0.23345868005204282,0.5257537139398359,0.5102615681780275,0.3584944194927587
Immediate Reproducibility: Raw Text Resume back-to-back,89,0.9999999999999999,1.0,1.0,0.9999999999999999
Algorithm-Time: Raw Text Resume 31 days apart,89,0.9999999999999999,1.0,1.0,0.9999999999999999
Participant-Time: LinkedIn 8-10 months apart,89,0.5313720281750701,0.7061812176132649,0.8676403393622528,0.781112965026842
